GPS Log,,,,,,,,,,
Item,Date,Elapse (s),Longitude,Latitude,Altitude (m),Heading,Speed (km/h),Total Distance (km),Unnamed: 9,Label
1,47:08.9,0,-2.392713,51.381034,18.8,0,0,0,,1
2,47:15.9,7,-2.392711,51.381041,25.6,198.1,0.4,0.001,,1
3,47:16.9,8,-2.39271,51.381041,25.6,206.6,0,0.001,,1
4,47:20.9,12,-2.392595,51.381058,18.8,195.7,7.4,0.009,,1
5,47:21.9,13,-2.392596,51.381053,18.2,176.2,2,0.01,,1
6,47:22.9,14,-2.392595,51.381049,18.6,180.1,1.7,0.01,,1
7,47:23.9,15,-2.392602,51.381035,19,163.5,6.1,0.012,,1
8,47:24.9,16,-2.392605,51.381015,20,173.1,8.1,0.014,,1
9,47:25.9,17,-2.392608,51.380993,19.9,189.7,8.7,0.016,,1
10,47:26.9,18,-2.392608,51.380976,19.5,175.3,6.9,0.018,,1
11,47:27.9,19,-2.392603,51.380969,19.5,173.1,3.1,0.019,,1
12,47:28.9,20,-2.392603,51.380953,19.1,185.4,6.2,0.021,,1
13,47:29.9,21,-2.392598,51.380945,18.5,173.3,3.6,0.022,,1
14,47:30.9,22,-2.392603,51.380936,18.2,162,3.7,0.023,,1
15,47:31.9,23,-2.392603,51.380927,17.9,158.9,3.6,0.024,,1
16,47:32.9,24,-2.392602,51.380919,17.6,159.6,3.2,0.025,,1
17,47:33.9,25,-2.392598,51.38091,17.3,133.7,3.6,0.026,,1
18,47:34.9,26,-2.39259,51.380904,16.6,132.8,3.2,0.027,,1
19,47:35.9,27,-2.392577,51.380896,16.6,124.5,4.7,0.028,,1
20,47:36.9,28,-2.39256,51.380892,16.5,124.8,4.3,0.029,,1
21,47:37.9,29,-2.392546,51.380889,16.5,130.1,3.8,0.03,,1
22,47:38.9,30,-2.392536,51.380888,16,128.4,2.7,0.031,,1
23,47:39.9,31,-2.392525,51.380883,16.2,131.1,3.4,0.032,,1
24,47:40.9,32,-2.392511,51.380878,16.8,122.3,3.9,0.033,,1
25,47:41.9,33,-2.392499,51.380879,16.1,106.7,3,0.034,,1
26,47:42.9,34,-2.392492,51.38088,18.6,107.4,1.8,0.034,,1
27,47:43.9,35,-2.392476,51.380881,19.5,123.1,4.1,0.035,,1
28,47:44.9,36,-2.392458,51.380878,20.7,124.4,4.5,0.037,,1
29,47:45.9,37,-2.392445,51.380875,22.2,109.5,3.6,0.038,,1
30,47:46.9,38,-2.392437,51.38087,21.8,103,3,0.039,,1
31,47:47.9,39,-2.392401,51.380815,22.3,116,23.4,0.045,,1
32,47:48.9,40,-2.392378,51.380805,22.5,114.5,7.1,0.047,,1
33,47:49.9,41,-2.392364,51.380796,22.8,118.1,5.1,0.048,,1
34,47:50.9,42,-2.39235,51.380792,23.1,118.3,3.8,0.05,,1
35,47:51.9,43,-2.392341,51.380775,23,120.7,7.4,0.052,,1
36,47:52.9,44,-2.392331,51.380769,22.6,124.1,3.3,0.052,,1
37,47:53.9,45,-2.392309,51.380768,22.6,134.6,5.7,0.054,,1
38,47:54.9,46,-2.392291,51.38077,22.3,146.9,4.5,0.055,,1
39,47:55.9,47,-2.392279,51.380771,22.1,150.6,3,0.056,,1
40,47:56.9,48,-2.392289,51.380782,21.8,139.8,5.2,0.058,,1
41,47:57.9,49,-2.392279,51.380771,21.9,135.1,5.1,0.059,,1
42,47:58.9,50,-2.392261,51.380776,21.9,118,5,0.06,,1
43,47:59.9,51,-2.392244,51.380793,21.6,217.1,7.8,0.063,,1
44,48:00.9,52,-2.392219,51.380789,21.7,241.4,6.4,0.064,,1
45,48:01.9,53,-2.392218,51.38078,21.3,248.1,3.8,0.065,,1
46,48:02.9,54,-2.392197,51.38077,21.5,253.7,6.5,0.067,,1
47,48:03.9,55,-2.392186,51.380766,20.9,259.7,3.2,0.068,,1
48,48:04.9,56,-2.392158,51.380764,21,265.6,7,0.07,,1
49,48:05.9,57,-2.392148,51.380765,20.8,261.4,2.5,0.071,,1
50,48:06.9,58,-2.392133,51.380765,21,253.8,3.7,0.072,,1
51,48:07.9,59,-2.392105,51.380766,21.4,251.4,7.2,0.074,,1
52,48:08.9,60,-2.392083,51.380766,21.2,262.8,5.4,0.075,,1
53,48:09.9,61,-2.392073,51.380762,21.8,256.3,2.8,0.076,,1
54,48:10.9,62,-2.392043,51.380762,20.5,256.8,7.7,0.078,,1
55,48:11.9,63,-2.392023,51.380764,20.6,258.3,4.8,0.08,,1
56,48:12.9,64,-2.392003,51.380766,21.2,279.7,5,0.081,,1
57,48:13.9,65,-2.391984,51.380768,22.5,293.8,4.9,0.082,,1
58,48:14.9,66,-2.391965,51.380763,21.6,336.4,5.2,0.084,,1
59,48:15.9,67,-2.391949,51.380753,21.6,346,5.7,0.085,,1
60,48:16.9,68,-2.391978,51.380731,21,343.4,11.3,0.088,,1
61,48:17.9,69,-2.391992,51.380721,21.3,352,5.3,0.09,,1
62,48:18.9,70,-2.392004,51.380703,19.7,354.4,8.1,0.092,,1
63,48:19.9,71,-2.392011,51.38069,19.8,349.5,5.2,0.094,,1
64,48:20.9,72,-2.392016,51.380672,20.8,342.5,7.4,0.096,,1
65,48:21.9,73,-2.39202,51.380658,21.9,337.4,5.8,0.097,,1
66,48:22.9,74,-2.392011,51.380641,20.7,342.9,6.9,0.099,,1
67,48:23.9,75,-2.392007,51.380622,21,347.6,7.8,0.101,,1
68,48:24.9,76,-2.392007,51.380613,21.5,21.4,3.8,0.102,,1
69,48:25.9,77,-2.39202,51.380598,21.3,36.4,6.7,0.104,,1
70,48:26.9,78,-2.392032,51.380599,20.1,14.7,3.1,0.105,,1
71,48:27.9,79,-2.392058,51.380588,20.1,47.1,8.1,0.107,,1
72,48:28.9,80,-2.392082,51.380582,21.4,70.4,6.4,0.109,,1
73,48:29.9,81,-2.392114,51.380585,21,87.4,7.9,0.111,,1
74,48:30.9,82,-2.392134,51.380586,20.8,98.6,4.9,0.113,,1
75,48:31.9,83,-2.392158,51.380587,21.3,90.9,6.2,0.114,,1
76,48:32.9,84,-2.392194,51.38058,22.5,55.4,9.5,0.117,,1
77,48:33.9,85,-2.392211,51.380572,22.3,60.5,5.2,0.119,,1
78,48:34.9,86,-2.392243,51.380571,22,62.6,8,0.121,,1
79,48:35.9,87,-2.39226,51.380579,21.7,72,5.4,0.122,,1
80,48:36.9,88,-2.392278,51.380582,21.8,73.7,4.5,0.123,,1
81,48:37.9,89,-2.392291,51.380582,22.3,88.4,3.4,0.124,,1
82,48:38.9,90,-2.392302,51.380582,22.7,91,2.7,0.125,,1
83,48:39.9,91,-2.392327,51.380574,23.1,86.1,7,0.127,,1
84,48:40.9,92,-2.39236,51.380569,23,81.3,8.4,0.129,,1
85,48:41.9,93,-2.392377,51.380569,22.4,72.3,4.2,0.131,,1
86,48:42.9,94,-2.392399,51.380571,23.4,66.8,5.7,0.132,,1
87,48:43.9,95,-2.392432,51.380569,22.4,63.8,8.2,0.135,,1
88,48:44.9,96,-2.392447,51.38057,23.4,67.9,3.8,0.136,,1
89,48:45.9,97,-2.39247,51.38057,23.6,76.2,5.7,0.137,,1
90,48:46.9,98,-2.39249,51.380576,21.9,76.8,5.5,0.139,,1
91,48:47.9,99,-2.392502,51.380576,21.7,73.6,3.1,0.14,,1
92,48:48.9,100,-2.392519,51.380578,21.8,72.1,4.4,0.141,,1
93,48:49.9,101,-2.392532,51.380579,22.8,59.7,3.2,0.142,,1
94,48:50.9,102,-2.392553,51.380591,23,63.2,7.2,0.144,,1
95,48:51.9,103,-2.39256,51.380589,22.1,59,1.9,0.144,,1
96,48:52.9,104,-2.392584,51.380591,22.1,70,6,0.146,,1
97,48:53.9,105,-2.392602,51.380591,22.3,79,4.7,0.147,,1
98,48:54.9,106,-2.392622,51.380586,22.1,70.1,5.4,0.149,,1
99,48:55.9,107,-2.39264,51.380586,21.9,79.6,4.4,0.15,,1
100,48:56.9,108,-2.392659,51.380582,22.8,76,5,0.151,,1
101,48:57.9,109,-2.392678,51.380582,21.7,67,4.8,0.153,,1
102,48:58.9,110,-2.392702,51.38058,21.2,60.9,5.9,0.154,,1
103,48:59.9,111,-2.392715,51.38058,21.8,36.1,3.4,0.155,,1
104,49:00.9,112,-2.392734,51.380582,21.8,48.2,4.9,0.157,,1
105,49:01.9,113,-2.392738,51.380582,22.1,55.8,1,0.157,,1
106,49:02.9,114,-2.392754,51.380585,22.9,65.2,4.1,0.158,,1
107,49:03.9,115,-2.392773,51.380587,21.8,72.6,4.7,0.159,,1
108,49:04.9,116,-2.392782,51.380593,21.3,78.5,3.2,0.16,,1
109,49:05.9,117,-2.392805,51.380595,21.8,66.8,5.8,0.162,,1
110,49:06.9,118,-2.392841,51.380597,22.8,48.1,9,0.164,,1
111,49:07.9,119,-2.392855,51.380599,23.3,40.4,3.6,0.165,,1
112,49:08.9,120,-2.392843,51.380594,20.9,45.2,3.6,0.166,,1
113,49:09.9,121,-2.392842,51.380602,22.1,66.2,3.4,0.167,,1
114,49:10.9,122,-2.392858,51.380605,21.9,93.2,4.1,0.168,,1
115,49:11.9,123,-2.392872,51.380619,22.5,86.8,6.7,0.17,,1
116,49:12.9,124,-2.392882,51.38063,22.8,15.6,5.2,0.172,,1
117,49:13.9,125,-2.392882,51.380641,21.2,355.5,4.1,0.173,,1
118,49:14.9,126,-2.392857,51.380644,22.1,19.2,6.2,0.175,,1
119,49:15.9,127,-2.39286,51.380649,22,26.6,1.9,0.175,,1
120,49:16.9,128,-2.392856,51.380649,21.9,7.7,1,0.175,,1
121,49:17.9,129,-2.392854,51.380642,21,356.1,3,0.176,,1
122,49:18.9,130,-2.39284,51.380649,21.4,355.1,4.4,0.177,,1
123,49:19.9,131,-2.39284,51.380642,21.4,343.8,2.6,0.178,,1
124,49:20.9,132,-2.392829,51.380644,21.4,343.7,2.7,0.179,,1
125,49:21.9,133,-2.392829,51.380644,21.4,346.9,0,0.179,,1
126,49:22.9,134,-2.392829,51.380644,21.4,354.5,0,0.179,,1
127,49:23.9,135,-2.392829,51.380644,21.4,346.6,0,0.179,,1
128,49:24.9,136,-2.392829,51.380644,21.4,344.5,0,0.179,,1
129,49:25.9,137,-2.392829,51.380644,21.4,344.5,0,0.179,,1
130,49:26.9,138,-2.39281,51.380638,21.7,346.7,5.3,0.18,,1
131,49:27.9,139,-2.39281,51.380638,21.7,346.7,0.3,0.18,,1
132,49:28.9,140,-2.39281,51.380638,21.7,351.8,0.3,0.181,,1
133,49:29.9,141,-2.39281,51.380637,21.6,347.9,0.5,0.181,,1
134,49:30.9,142,-2.39281,51.380637,21.6,340.3,0,0.181,,1
135,49:31.9,143,-2.39281,51.380637,21.6,345.8,0,0.181,,1
136,49:32.9,144,-2.39281,51.380637,21.6,344.7,0,0.181,,1
137,49:33.9,145,-2.39281,51.380637,21.6,344.7,0,0.181,,1
138,49:34.9,146,-2.39281,51.380637,21.6,344.7,0,0.181,,1
139,49:35.9,147,-2.39281,51.380637,21.6,345.7,0,0.181,,1
140,49:36.9,148,-2.39281,51.380637,21.6,345.7,0,0.181,,1
141,49:37.9,149,-2.39281,51.380637,21.6,358.3,0,0.181,,1
142,49:38.9,150,-2.39281,51.380637,21.6,338.7,0,0.181,,1
143,49:39.9,151,-2.39281,51.380637,21.6,344.4,0,0.181,,1
144,49:40.9,152,-2.39281,51.380637,21.6,343.3,0,0.181,,1
145,49:41.9,153,-2.39281,51.380637,21.6,344.3,0,0.181,,1
146,49:42.9,154,-2.39281,51.380637,21.6,344.3,0,0.181,,1
147,49:43.9,155,-2.39281,51.380637,21.6,345.4,0,0.181,,1
148,49:44.9,156,-2.39281,51.380637,21.6,344.3,0,0.181,,1
149,49:45.9,157,-2.39281,51.380637,21.6,359.4,0,0.181,,1
150,49:46.9,158,-2.39281,51.380637,21.6,352.7,0,0.181,,1
151,49:47.9,159,-2.39281,51.380637,21.6,350.8,0,0.181,,1
152,49:48.9,160,-2.39281,51.380637,21.6,351,0,0.181,,1
153,49:49.9,161,-2.392778,51.380649,21.4,11.9,9.3,0.183,,1
154,49:50.9,162,-2.392787,51.380645,21.2,351,2.9,0.184,,1
155,49:51.9,163,-2.392795,51.380637,21.1,329.1,3.8,0.185,,1
156,49:52.9,164,-2.392798,51.380613,21.1,339.2,9.5,0.188,,1
157,49:53.9,165,-2.392795,51.380607,22.3,342.5,2.5,0.188,,1
158,49:54.9,166,-2.392801,51.380596,23.9,338.5,4.8,0.19,,1
159,49:55.9,167,-2.392819,51.380586,22.6,327,5.9,0.191,,1
160,49:56.9,168,-2.392819,51.380592,19.7,343.6,2.4,0.192,,1
161,49:57.9,169,-2.392814,51.380599,20.5,319.9,3,0.193,,1
162,49:58.9,170,-2.392807,51.380599,20.5,324.8,1.7,0.193,,1
163,49:59.9,171,-2.392808,51.380597,21.1,340,0.6,0.194,,1
164,50:00.9,172,-2.392805,51.380595,20.7,350.8,1.2,0.194,,1
165,50:01.9,173,-2.392798,51.380592,21,348.3,2.3,0.195,,1
166,50:02.9,174,-2.392786,51.380585,20.9,348.5,4.1,0.196,,1
167,50:03.9,175,-2.392791,51.380595,20.8,348.4,4.5,0.197,,1
168,50:04.9,176,-2.392771,51.380585,21.4,353.4,6.6,0.199,,1
169,50:05.9,177,-2.392723,51.38055,20.7,359.3,18.4,0.204,,1
170,50:06.9,178,-2.392726,51.380502,21.4,352.4,19.4,0.209,,1
171,50:07.9,179,-2.392739,51.380503,22.4,351,3.5,0.21,,1
172,50:08.9,180,-2.39275,51.380479,20.8,346.9,9.9,0.213,,1
173,50:09.9,181,-2.392745,51.380466,22.2,343.5,5.4,0.215,,1
174,50:10.9,182,-2.392755,51.38045,22.3,346.7,6.8,0.216,,1
175,50:11.9,183,-2.392771,51.380447,21.4,358.5,4.4,0.218,,1
176,50:12.9,184,-2.392772,51.380439,21.1,357.5,3.2,0.219,,1
177,50:13.9,185,-2.392784,51.380423,21.9,354.2,7.1,0.221,,1
178,50:14.9,186,-2.392799,51.380413,23.2,327.7,5.4,0.222,,1
179,50:15.9,187,-2.392808,51.380409,22.9,327,2.9,0.223,,1
180,50:16.9,188,-2.392808,51.380396,22,338.9,5,0.224,,1
181,50:17.9,189,-2.392822,51.380387,21.8,340.4,5.1,0.226,,1
182,50:18.9,190,-2.392831,51.380379,22.6,341.4,4,0.227,,1
183,50:19.9,191,-2.392852,51.380364,23.1,339.1,8,0.229,,1
184,50:20.9,192,-2.392851,51.380353,23.1,357.3,4.3,0.23,,1
185,50:21.9,193,-2.392852,51.380343,22.8,355.5,4,0.231,,1
186,50:22.9,194,-2.392863,51.380333,22.6,332.7,4.7,0.233,,1
187,50:23.9,195,-2.392857,51.380325,22.3,339.5,3.8,0.234,,1
188,50:24.9,196,-2.392859,51.380306,22.5,336.4,7.4,0.236,,1
189,50:25.9,197,-2.392853,51.380293,24.3,325.5,5.5,0.237,,1
190,50:26.9,198,-2.392849,51.380293,23,332.5,1,0.237,,1
191,50:27.9,199,-2.392859,51.380279,23,340,5.8,0.239,,1
192,50:28.9,200,-2.392848,51.380271,23.1,336.1,4.3,0.24,,1
193,50:29.9,201,-2.392865,51.38027,24.2,332.6,4.4,0.241,,1
194,50:30.9,202,-2.392852,51.380259,23.8,326.2,5.3,0.243,,1
195,50:31.9,203,-2.392841,51.380247,23,324.7,5.8,0.245,,1
196,50:32.9,204,-2.392834,51.380229,22.6,338.1,7.1,0.247,,1
197,50:33.9,205,-2.392811,51.380225,22.8,345.4,5.9,0.248,,1
198,50:34.9,206,-2.392808,51.380215,24.3,344.9,4.1,0.249,,1
199,50:35.9,207,-2.392806,51.380198,23.3,318.2,6.5,0.251,,1
200,50:36.9,208,-2.392807,51.380193,23.2,321.2,2.1,0.252,,1
201,50:37.9,209,-2.392819,51.380176,22.9,335.6,7.6,0.254,,1
202,50:38.9,210,-2.392812,51.380161,24.2,349.5,6.1,0.256,,1
203,50:39.9,211,-2.392825,51.380144,23.6,339.7,7.7,0.258,,1
204,50:40.9,212,-2.39282,51.38014,22.6,9.7,2,0.258,,1
205,50:41.9,213,-2.392824,51.380135,22.7,0.4,2.2,0.259,,1
206,50:42.9,214,-2.392825,51.380122,23,350.5,4.9,0.26,,1
207,50:43.9,215,-2.392841,51.380102,25.2,349,8.9,0.263,,1
208,50:44.9,216,-2.392847,51.380094,24.3,344.8,3.8,0.264,,1
209,50:45.9,217,-2.392861,51.380078,24.1,337.9,7.2,0.266,,1
210,50:46.9,218,-2.392863,51.380066,24.2,351.9,4.9,0.267,,1
211,50:47.9,219,-2.392882,51.380056,24.1,332.2,6.2,0.269,,1
212,50:48.9,220,-2.392892,51.380047,25.4,313,4.5,0.27,,1
213,50:49.9,221,-2.392891,51.38005,24.1,291.3,1,0.27,,1
214,50:50.9,222,-2.392888,51.380057,24.2,282.8,2.8,0.271,,1
215,50:51.9,223,-2.392867,51.380047,24.3,268,6.5,0.273,,1
216,50:52.9,224,-2.392862,51.38003,24.7,252.7,6.8,0.275,,1
217,50:53.9,225,-2.392838,51.380031,25.4,243.1,6,0.277,,1
218,50:54.9,226,-2.392805,51.380031,24.3,234.8,8.4,0.279,,1
219,50:55.9,227,-2.392819,51.380044,23.1,261.5,6.3,0.281,,1
220,50:56.9,228,-2.39281,51.380054,23.9,276.8,4.7,0.282,,1
221,50:57.9,229,-2.392781,51.380052,24.2,322.8,7.3,0.284,,1
222,50:58.9,230,-2.392756,51.380037,24.7,317.7,8.5,0.286,,1
223,50:59.9,231,-2.39273,51.380026,25.2,309.8,8,0.289,,1
224,51:00.9,232,-2.392726,51.380016,24.3,304.6,3.9,0.29,,1
225,51:01.9,233,-2.392724,51.380008,23.8,309,3.4,0.291,,1
226,51:02.9,234,-2.392707,51.379997,24.1,305,6.1,0.292,,1
227,51:03.9,235,-2.392699,51.379991,25.1,317.2,3.2,0.293,,1
228,51:04.9,236,-2.392698,51.379991,25.3,317,0,0.293,,1
229,51:05.9,237,-2.392694,51.379982,24,296.2,3.6,0.294,,1
230,51:06.9,238,-2.392691,51.379974,23.7,262.3,3.3,0.295,,1
231,51:07.9,239,-2.392681,51.379981,23.1,240.6,3.6,0.296,,1
232,51:08.9,240,-2.392667,51.379984,23.8,228.5,3.7,0.297,,1
233,51:09.9,241,-2.392651,51.379984,23.5,241.7,4.1,0.298,,1
234,51:10.9,242,-2.392629,51.379988,24.1,274.8,5.7,0.3,,1
235,51:11.9,243,-2.392612,51.379985,24.4,281.1,4.3,0.301,,1
236,51:12.9,244,-2.392588,51.379987,23,328.2,6.1,0.303,,1
237,51:13.9,245,-2.392568,51.379969,22.9,341.9,8.9,0.305,,1
238,51:14.9,246,-2.392554,51.379961,24.7,337.9,4.7,0.306,,1
239,51:15.9,247,-2.392545,51.379953,24.6,337.7,3.9,0.308,,1
240,51:16.9,248,-2.392554,51.379935,24.2,338.9,7.5,0.31,,1
241,51:17.9,249,-2.392546,51.379923,24.4,352,5.4,0.311,,1
242,51:18.9,250,-2.392544,51.379912,25.5,347.8,4.2,0.312,,1
243,51:19.9,251,-2.392536,51.379893,24.5,338.2,8,0.314,,1
244,51:20.9,252,-2.392531,51.379887,23.6,331.6,2.9,0.315,,1
245,51:21.9,253,-2.392542,51.379874,24.2,334,6,0.317,,1
246,51:22.9,254,-2.392559,51.379862,25.5,339.4,6.2,0.319,,1
247,51:23.9,255,-2.39255,51.379848,24.5,338.8,6.2,0.32,,1
248,51:24.9,256,-2.392552,51.379831,24.9,353,6.7,0.322,,1
249,51:25.9,257,-2.392557,51.379816,24.9,345.7,6.3,0.324,,1
250,51:26.9,258,-2.392561,51.379803,25.8,334.3,5.4,0.325,,1
251,51:27.9,259,-2.392571,51.379794,26.4,330.9,4.3,0.327,,1
252,51:28.9,260,-2.392578,51.379791,24.9,323.4,2,0.327,,1
253,51:29.9,261,-2.392585,51.379786,25.2,328.7,2.8,0.328,,1
254,51:30.9,262,-2.392586,51.379774,25.6,326.2,4.9,0.329,,1
255,51:31.9,263,-2.392587,51.379765,26.4,313.9,3.5,0.33,,1
256,51:32.9,264,-2.392587,51.379759,25.8,309.5,2.6,0.331,,1
257,51:33.9,265,-2.392599,51.379746,26.5,330,5.8,0.333,,1
258,51:34.9,266,-2.392607,51.379738,26.6,338.9,3.8,0.334,,1
259,51:35.9,267,-2.392603,51.379742,25.2,350.3,2,0.334,,1
260,51:36.9,268,-2.39261,51.379737,25.6,347.7,2.9,0.335,,1
261,51:37.9,269,-2.392606,51.379717,27.5,334.7,7.8,0.337,,1
262,51:38.9,270,-2.392602,51.379713,26.6,336.4,2.1,0.338,,1
263,51:39.9,271,-2.392602,51.379701,26.6,341.1,4.8,0.339,,1
264,51:40.9,272,-2.392593,51.379691,26.7,351.9,4.5,0.34,,1
265,51:41.9,273,-2.392589,51.379688,25.2,331.7,1.9,0.341,,1
266,51:42.9,274,-2.39257,51.379676,25.6,335.4,6.6,0.343,,1
267,51:43.9,275,-2.392577,51.379667,26.2,356,4.1,0.344,,1
268,51:44.9,276,-2.392578,51.37966,27,14.7,2.9,0.345,,1
269,51:45.9,277,-2.392587,51.379645,27.4,3.8,6.2,0.346,,1
270,51:46.9,278,-2.392599,51.379636,26.4,0.1,4.9,0.348,,1
271,51:47.9,279,-2.392626,51.379634,27.6,349.7,6.7,0.35,,1
272,51:48.9,280,-2.392624,51.379624,26.3,349.3,3.9,0.351,,1
273,51:49.9,281,-2.39263,51.379612,27.3,359,5,0.352,,1
274,51:50.9,282,-2.392634,51.379606,27.2,352.3,2.7,0.353,,1
275,51:51.9,283,-2.392651,51.379605,26.6,346.1,4.4,0.354,,1
276,51:52.9,284,-2.392654,51.3796,26.7,349,2,0.355,,1
277,51:53.9,285,-2.392658,51.379592,26.8,355.5,3.3,0.356,,1
278,51:54.9,286,-2.392655,51.379581,26.5,356.5,4.6,0.357,,1
279,51:55.9,287,-2.39265,51.379564,26.9,346.4,6.9,0.359,,1
280,51:56.9,288,-2.39265,51.379554,27.4,350.1,4.1,0.36,,1
281,51:57.9,289,-2.392653,51.379543,27.5,331.1,4.3,0.361,,1
282,51:58.9,290,-2.392656,51.37952,26.3,309.3,9.3,0.364,,1
283,51:59.9,291,-2.392641,51.379513,26.7,301.3,4.7,0.365,,1
284,52:00.9,292,-2.392617,51.379504,28.4,314.2,7.1,0.367,,1
285,52:01.9,293,-2.392601,51.379505,27,319.5,4,0.368,,1
286,52:02.9,294,-2.392593,51.379503,26.7,311.6,2,0.369,,1
287,52:03.9,295,-2.392593,51.379479,27.8,312.4,9.4,0.371,,1
288,52:04.9,296,-2.392597,51.379477,27.6,304,1.5,0.372,,1
289,52:05.9,297,-2.39258,51.379469,27.7,309.8,5.5,0.373,,1
290,52:06.9,298,-2.392577,51.379466,26.5,1.9,1.1,0.374,,1
291,52:07.9,299,-2.392575,51.379452,25.6,321.1,5.9,0.375,,1
292,52:08.9,300,-2.392564,51.379438,27.7,343.4,6.2,0.377,,1
293,52:09.9,301,-2.392556,51.379427,27.3,338.3,4.6,0.378,,1
294,52:10.9,302,-2.39257,51.379418,27,342.6,5.2,0.38,,1
295,52:11.9,303,-2.392588,51.379405,27.6,347.2,6.8,0.382,,1
296,52:12.9,304,-2.392582,51.379391,27.5,358.2,5.8,0.383,,1
297,52:13.9,305,-2.392574,51.379382,26.4,356.2,4.3,0.384,,1
298,52:14.9,306,-2.392577,51.379371,26.8,342.5,4.3,0.385,,1
299,52:15.9,307,-2.392581,51.379352,27.7,346.4,7.9,0.388,,1
300,52:16.9,308,-2.392593,51.379337,28.1,348.9,6.5,0.389,,1
301,52:17.9,309,-2.392595,51.379336,27,353.7,0.9,0.39,,1
302,52:18.9,310,-2.392596,51.379327,27.5,18.3,3.2,0.391,,1
303,52:19.9,311,-2.392573,51.379326,27.6,342.9,5.7,0.392,,1
304,52:20.9,312,-2.392571,51.379325,27.5,336.1,0.6,0.392,,1
305,52:21.9,313,-2.392576,51.379317,27.6,338.8,3.3,0.393,,1
306,52:22.9,314,-2.39258,51.379306,27.5,340.2,4.6,0.395,,1
307,52:23.9,315,-2.392589,51.379307,27.6,318.8,2.4,0.395,,1
308,52:24.9,316,-2.392597,51.379298,27.9,314.6,3.8,0.396,,1
309,52:25.9,317,-2.392586,51.379287,28,301.9,5.3,0.398,,1
310,52:26.9,318,-2.392563,51.379267,28.2,300.4,9.7,0.4,,1
311,52:27.9,319,-2.392551,51.379256,28.4,298.7,5.5,0.402,,1
312,52:28.9,320,-2.392538,51.379242,27.6,290.7,6.5,0.404,,1
313,52:29.9,321,-2.392525,51.379241,28.3,276.1,3.2,0.405,,1
314,52:30.9,322,-2.392509,51.37924,29.3,268.5,4,0.406,,1
315,52:31.9,323,-2.392502,51.379238,27.9,269.3,2,0.406,,1
316,52:32.9,324,-2.392488,51.379231,26.9,268,4.4,0.408,,1
317,52:33.9,325,-2.392469,51.379228,28.3,253.9,5,0.409,,1
318,52:34.9,326,-2.392462,51.379236,27,250,3.7,0.41,,1
319,52:35.9,327,-2.392457,51.379245,28.2,243.1,3.6,0.411,,1
320,52:36.9,328,-2.392442,51.379248,27.9,237.8,4.1,0.412,,1
321,52:37.9,329,-2.392423,51.379254,27.2,261.6,5.3,0.414,,1
322,52:38.9,330,-2.392414,51.379264,27,259.6,4.5,0.415,,1
323,52:39.9,331,-2.392393,51.379267,26.8,233,5.4,0.416,,1
324,52:40.9,332,-2.392375,51.379271,28.9,232.4,4.6,0.418,,1
325,52:41.9,333,-2.392365,51.379278,27.2,230.6,3.8,0.419,,1
326,52:42.9,334,-2.392333,51.379281,27.8,239.1,8.3,0.421,,1
327,52:43.9,335,-2.392314,51.37928,28.3,249.5,4.5,0.422,,1
328,52:44.9,336,-2.392293,51.379286,27.4,248.9,5.9,0.424,,1
329,52:45.9,337,-2.392273,51.37929,27.2,245.9,5.1,0.425,,1
330,52:46.9,338,-2.392269,51.379295,26.3,247.9,2.4,0.426,,1
331,52:47.9,339,-2.392249,51.379288,28.2,251.3,5.6,0.428,,1
332,52:48.9,340,-2.392232,51.379288,27.2,247.8,4.2,0.429,,1
333,52:49.9,341,-2.392212,51.379294,28,266.4,5.5,0.43,,1
334,52:50.9,342,-2.392196,51.3793,27.3,256.7,4.6,0.432,,1
335,52:51.9,343,-2.392189,51.379297,28.1,240.3,2.3,0.432,,1
336,52:52.9,344,-2.392186,51.379296,27.3,245.4,0.7,0.432,,1
337,52:53.9,345,-2.392148,51.379296,27.4,240.8,9.6,0.435,,1
338,52:54.9,346,-2.392129,51.379296,27.9,247.1,4.7,0.436,,1
339,52:55.9,347,-2.392123,51.379304,28.7,251.2,3.5,0.437,,1
340,52:56.9,348,-2.392117,51.379299,29,254.4,2.4,0.438,,1
341,52:57.9,349,-2.392109,51.379303,26.9,245.9,2.3,0.439,,1
342,52:58.9,350,-2.392095,51.3793,27.8,260.7,3.7,0.44,,1
343,52:59.9,351,-2.392086,51.379292,27.8,297.8,3.9,0.441,,1
344,53:00.9,352,-2.392075,51.379277,27.3,335.7,6.7,0.443,,1
345,53:01.9,353,-2.39208,51.379267,26.7,301.9,4.3,0.444,,1
346,53:02.9,354,-2.392073,51.379253,26.5,263.2,5.7,0.445,,1
347,53:03.9,355,-2.392063,51.379243,28.9,218.2,4.7,0.447,,1
348,53:04.9,356,-2.392063,51.379242,28.7,169.9,0.3,0.447,,1
349,53:05.9,357,-2.392077,51.379242,28.7,165,3.5,0.448,,1
350,53:06.9,358,-2.392061,51.379217,29.1,203.2,10.4,0.451,,1
351,53:07.9,359,-2.392061,51.379213,28.5,238.2,2,0.451,,1
352,53:08.9,360,-2.392058,51.379203,28.4,250.5,3.7,0.452,,1
353,53:09.9,361,-2.39206,51.37921,28.5,252.7,2.6,0.453,,1
354,53:10.9,362,-2.392064,51.379209,28.3,190.1,1,0.453,,1
355,53:11.9,363,-2.392056,51.37922,28.7,206.3,4.8,0.455,,1
356,53:12.9,364,-2.392047,51.379215,28.6,41.6,3.1,0.455,,1
357,53:13.9,365,-2.392036,51.379228,28.3,107.2,6.1,0.457,,1
358,53:14.9,366,-2.392047,51.379245,28.5,98.8,7.5,0.459,,1
359,53:15.9,367,-2.392065,51.379255,28.1,75.4,5.8,0.461,,1
360,53:16.9,368,-2.392045,51.37925,28.1,77.6,5.3,0.462,,1
361,53:17.9,369,-2.392031,51.379252,27.9,76.5,3.6,0.463,,1
362,53:18.9,370,-2.392016,51.379258,28.2,76.5,4.6,0.465,,1
363,53:19.9,371,-2.392016,51.37926,28.3,76.5,0.8,0.465,,1
364,53:20.9,372,-2.392016,51.37926,28.3,75.5,0.3,0.465,,1
365,53:21.9,373,-2.392016,51.37926,28.3,75.5,0.3,0.465,,1
366,53:22.9,374,-2.392016,51.37926,28.3,75.5,0.3,0.465,,1
367,53:23.9,375,-2.392016,51.37926,28.3,75.5,0.3,0.465,,1
368,53:24.9,376,-2.392016,51.37926,28.3,75.5,0.3,0.465,,1
369,53:25.9,377,-2.392016,51.37926,28.3,76.5,0.3,0.465,,1
370,53:26.9,378,-2.392016,51.37926,28.3,87.8,0.3,0.465,,1
371,53:27.9,379,-2.392022,51.379279,27.8,163.6,7.6,0.468,,1
372,53:28.9,380,-2.392017,51.379287,28.3,165,3.7,0.469,,1
373,53:29.9,381,-2.392026,51.379292,28.3,173,3,0.469,,1
374,53:30.9,382,-2.392028,51.37929,28.1,144,1.1,0.47,,1
375,53:31.9,383,-2.392041,51.379292,28.3,176.3,3.3,0.471,,1
376,53:32.9,384,-2.392032,51.379286,28.1,179.8,3.5,0.472,,1
377,53:33.9,385,-2.392033,51.379283,28.1,186,1.1,0.472,,1
378,53:34.9,386,-2.39203,51.379295,28.3,190.2,4.9,0.473,,1
379,53:35.9,387,-2.392038,51.3793,28,95.9,2.9,0.474,,1
380,53:36.9,388,-2.392036,51.379301,28.2,95.9,0.6,0.474,,1
381,53:37.9,389,-2.392036,51.379301,28.2,95.9,0,0.474,,1
382,53:38.9,390,-2.392036,51.379301,28.2,95.9,0,0.474,,1
383,53:39.9,391,-2.392036,51.379301,28.2,95.9,0,0.474,,1
384,53:40.9,392,-2.392036,51.379301,28.2,95.9,0,0.474,,1
385,53:41.9,393,-2.392036,51.379301,28.2,95.9,0,0.474,,1
386,53:42.9,394,-2.392036,51.379301,28.2,95.9,0,0.474,,1
387,53:43.9,395,-2.392036,51.379301,28.2,95.9,0,0.474,,1
388,53:44.9,396,-2.392036,51.379301,28.2,95.9,0,0.474,,1
389,53:45.9,397,-2.392036,51.379301,28.2,95.9,0,0.474,,1
390,53:46.9,398,-2.392036,51.379301,28.2,95.9,0,0.474,,1
391,53:47.9,399,-2.392036,51.379301,28.2,95.9,0,0.474,,1
392,53:48.9,400,-2.392036,51.379301,28.2,95.9,0,0.474,,1
393,53:49.9,401,-2.392036,51.379301,28.2,95.9,0,0.474,,1
394,53:50.9,402,-2.392036,51.379301,28.2,95.9,0,0.474,,1
395,53:51.9,403,-2.392036,51.379301,28.2,95.9,0,0.474,,1
396,53:52.9,404,-2.392036,51.379301,28.2,95.9,0,0.474,,1
397,53:53.9,405,-2.392036,51.379301,28.2,95.9,0,0.474,,1
398,53:54.9,406,-2.392036,51.379301,28.2,95.9,0,0.474,,1
399,53:55.9,407,-2.392036,51.379301,28.2,95.9,0,0.474,,1
400,53:56.9,408,-2.392036,51.379301,28.2,95.9,0,0.474,,1
401,53:57.9,409,-2.392036,51.379301,28.2,95.9,0,0.474,,1
402,53:58.9,410,-2.392036,51.379301,28.2,95.9,0,0.474,,1
403,53:59.9,411,-2.392036,51.379301,28.2,95.9,0,0.474,,1
404,54:00.9,412,-2.392036,51.379301,28.2,95.9,0,0.474,,1
405,54:01.9,413,-2.392036,51.379301,28.2,96.9,0,0.474,,1
406,54:02.9,414,-2.392036,51.379301,28.2,103.3,0,0.474,,1
407,54:03.9,415,-2.392036,51.379301,28.2,114.2,0,0.474,,1
408,54:04.9,416,-2.392036,51.379301,28.2,126.7,0,0.474,,1
409,54:05.9,417,-2.392036,51.379301,28.2,127.8,0,0.474,,1
410,54:06.9,418,-2.392036,51.379301,28.2,116.4,0,0.474,,1
411,54:07.9,419,-2.392017,51.379266,28,107.7,14.9,0.478,,1
412,54:08.9,420,-2.391971,51.379263,28.1,101.4,11.7,0.482,,1
413,54:09.9,421,-2.391946,51.379272,27.8,96,7.1,0.484,,1
414,54:10.9,422,-2.391904,51.379277,27.6,83.8,10.6,0.486,,1
415,54:11.9,423,-2.391838,51.379291,27.7,82.8,17.5,0.491,,1
416,54:12.9,424,-2.39179,51.379306,27.2,89.2,13.3,0.495,,1
417,54:13.9,425,-2.391759,51.379308,27.3,94.6,8,0.497,,1
418,54:14.9,426,-2.391751,51.379304,27.5,98.7,2.4,0.498,,1
419,54:15.9,427,-2.391743,51.379296,27.7,100.8,3.9,0.499,,1
420,54:16.9,428,-2.391742,51.379298,27.6,107.3,0.8,0.499,,1
421,54:17.9,429,-2.391751,51.379302,27.8,124,2.7,0.5,,1
422,54:18.9,430,-2.391755,51.379306,27.8,154.9,1.8,0.501,,1
423,54:19.9,431,-2.39172,51.379274,28.2,181.9,15.5,0.505,,1
424,54:20.9,432,-2.391723,51.379232,28.4,192,16.7,0.509,,1
425,54:21.9,433,-2.391729,51.37915,29,193,32.9,0.519,,1
426,54:22.9,434,-2.391736,51.379073,29.5,194,30.8,0.527,,1
427,54:23.9,435,-2.391736,51.378996,28.9,194,31,0.536,,1
428,54:24.9,436,-2.391674,51.37891,29.8,189.9,37.4,0.546,,1
429,54:25.9,437,-2.39167,51.378822,30.1,185.6,35.6,0.556,,1
430,54:26.9,438,-2.391657,51.378759,30.3,175.7,25.4,0.563,,1
431,54:27.9,439,-2.391654,51.378694,30.7,164.9,25.9,0.57,,1
432,54:28.9,440,-2.391604,51.378629,31.1,165.9,29,0.578,,1
433,54:29.9,441,-2.391545,51.378562,32.2,162.8,30.2,0.587,,1
434,54:30.9,442,-2.391478,51.37849,32.7,156.5,33.4,0.596,,1
435,54:31.9,443,-2.391404,51.378426,33,151.1,31.5,0.605,,1
436,54:32.9,444,-2.39133,51.378375,33.3,147,27.6,0.612,,1
437,54:33.9,445,-2.391259,51.378326,33.6,143.9,26.6,0.62,,1
438,54:34.9,446,-2.39118,51.378284,34.1,139.8,25.9,0.627,,1
439,54:35.9,447,-2.391093,51.378242,34.4,138.8,27.4,0.635,,1
440,54:36.9,448,-2.391007,51.378202,35,127.4,26.8,0.642,,1
441,54:37.9,449,-2.390905,51.378182,35.9,119.4,26.9,0.65,,1
442,54:38.9,450,-2.390788,51.378166,36.4,120.5,29.9,0.658,,1
443,54:39.9,451,-2.39067,51.378138,37.3,120.5,31.4,0.667,,1
444,54:40.9,452,-2.390563,51.378109,38.1,119.4,29.2,0.675,,1
445,54:41.9,453,-2.390449,51.378076,39.1,116.4,31.4,0.683,,1
446,54:42.9,454,-2.39034,51.378042,40,116.4,30.5,0.692,,1
447,54:43.9,455,-2.390218,51.378018,41.1,116.4,32,0.701,,1
448,54:44.9,456,-2.390105,51.377988,42.2,116.4,30.6,0.709,,1
449,54:45.9,457,-2.389991,51.377958,43.1,116.4,30.8,0.718,,1
450,54:46.9,458,-2.38988,51.377931,44.1,116.4,29.8,0.726,,1
451,54:47.9,459,-2.389776,51.377894,45.2,116.4,30,0.734,,1
452,54:48.9,460,-2.389662,51.377856,45.9,116.4,32.3,0.743,,1
453,54:49.9,461,-2.389559,51.377818,46.8,117.4,29.7,0.752,,1
454,54:50.9,462,-2.389451,51.377778,47.5,121.6,31.5,0.76,,1
455,54:51.9,463,-2.389352,51.377739,48,126.8,29.2,0.769,,1
456,54:52.9,464,-2.389274,51.377694,47.9,135.4,26.7,0.776,,1
457,54:53.9,465,-2.3892,51.377639,48.3,141.8,28.5,0.784,,1
458,54:54.9,466,-2.389143,51.377593,48.9,143.9,23.3,0.79,,1
459,54:55.9,467,-2.389102,51.37753,49.1,145,27.4,0.798,,1
460,54:56.9,468,-2.38903,51.377471,49.1,150.2,29.4,0.806,,1
461,54:57.9,469,-2.388985,51.377419,49.2,157.6,23.9,0.813,,1
462,54:58.9,470,-2.388957,51.37736,49.3,165.3,24.4,0.82,,1
463,54:59.9,471,-2.388943,51.377302,49.4,168.5,23.7,0.826,,1
464,55:00.9,472,-2.38892,51.37723,49.6,170.6,29.4,0.834,,1
465,55:01.9,473,-2.38891,51.377162,49.9,179.3,27.3,0.842,,1
466,55:02.9,474,-2.388908,51.377086,50.2,184.6,30.4,0.85,,1
467,55:03.9,475,-2.388928,51.377011,50.5,187.9,30.2,0.859,,1
468,55:04.9,476,-2.38895,51.37694,50.7,196.4,29.1,0.867,,1
469,55:05.9,477,-2.38899,51.376878,50.9,202.8,26.6,0.874,,1
470,55:06.9,478,-2.389026,51.376832,51.1,186.8,20.6,0.88,,1
471,55:07.9,479,-2.389065,51.376814,51.4,196,12.1,0.883,,1
472,55:08.9,480,-2.389067,51.376796,51.6,182.1,7.2,0.885,,1
473,55:09.9,481,-2.388904,51.376709,51.7,181,53.6,0.9,,1
474,55:10.9,482,-2.388839,51.376656,52.1,180,26.7,0.908,,1
475,55:11.9,483,-2.388774,51.376597,52.5,180,28.8,0.916,,1
476,55:12.9,484,-2.388713,51.376538,52.7,175.8,28.1,0.923,,1
477,55:13.9,485,-2.388648,51.376478,52.8,171.6,28.9,0.931,,1
478,55:14.9,486,-2.388581,51.376424,53.1,165,27.5,0.939,,1
479,55:15.9,487,-2.388504,51.376375,53.2,162.9,27.3,0.947,,1
480,55:16.9,488,-2.388426,51.376326,53.2,165,27.6,0.954,,1
481,55:17.9,489,-2.38836,51.376281,53.4,165,24.6,0.961,,1
482,55:18.9,490,-2.388301,51.376231,53.3,165,24.9,0.968,,1
483,55:19.9,491,-2.388243,51.37618,53.2,164,25,0.975,,1
484,55:20.9,492,-2.388191,51.376137,52.8,167.2,21.6,0.981,,1
485,55:21.9,493,-2.388133,51.376082,52.5,172.6,26.4,0.988,,1
486,55:22.9,494,-2.388074,51.376003,52.1,168.5,34.8,0.998,,1
487,55:23.9,495,-2.388011,51.375935,51.6,166.5,31.5,1.007,,1
488,55:24.9,496,-2.387946,51.375868,50.8,165.4,31.3,1.015,,1
489,55:25.9,497,-2.387887,51.375799,50,165.4,31.3,1.024,,1
490,55:26.9,498,-2.387799,51.375738,49.1,163.3,33,1.033,,1
491,55:27.9,499,-2.387734,51.375667,48.1,163.3,32.6,1.042,,1
492,55:28.9,500,-2.387667,51.375593,47.2,162.3,34,1.052,,1
493,55:29.9,501,-2.387604,51.37552,46.4,161.3,33.2,1.061,,1
494,55:30.9,502,-2.387538,51.375445,45.6,159.2,34.3,1.071,,1
495,55:31.9,503,-2.387477,51.375376,45.2,156.1,31.4,1.079,,1
496,55:32.9,504,-2.38742,51.375317,45,149.7,27.7,1.087,,1
497,55:33.9,505,-2.387379,51.375267,44.9,145.4,22.3,1.093,,1
498,55:34.9,506,-2.387317,51.375235,45.2,144.2,20.1,1.099,,1
499,55:35.9,507,-2.387271,51.375197,45.9,131.3,19.1,1.104,,1
500,55:36.9,508,-2.387181,51.375169,46,142.8,25.2,1.111,,1
501,55:37.9,509,-2.38711,51.375117,46.3,139.5,27.2,1.119,,1
502,55:38.9,510,-2.387018,51.375072,46.5,137.4,29.2,1.127,,1
503,55:39.9,511,-2.38691,51.375026,46.9,134.2,32.7,1.136,,1
504,55:40.9,512,-2.386785,51.37498,47.5,134.2,36.1,1.146,,1
505,55:41.9,513,-2.386657,51.374938,48.1,134.2,36.2,1.156,,1
506,55:42.9,514,-2.386556,51.374889,49.1,134.2,32.1,1.165,,1
507,55:43.9,515,-2.386462,51.37484,49.9,133.2,30.6,1.173,,1
508,55:44.9,516,-2.386362,51.374789,50.7,132.2,32.1,1.182,,1
509,55:45.9,517,-2.386264,51.374745,51.2,132.2,30.3,1.191,,1
510,55:46.9,518,-2.386182,51.374703,51.5,132.2,26.4,1.198,,1
511,55:47.9,519,-2.386096,51.374657,51.4,132.2,28.4,1.206,,1
512,55:48.9,520,-2.386007,51.374612,50.8,132.2,28.9,1.214,,1
513,55:49.9,521,-2.385924,51.374568,50.4,132.2,27.1,1.221,,1
514,55:50.9,522,-2.385833,51.374521,49.7,132.2,29.5,1.23,,1
515,55:51.9,523,-2.385726,51.374467,48.8,129,34.3,1.239,,1
516,55:52.9,524,-2.385633,51.374421,47.8,121.2,29.8,1.247,,1
517,55:53.9,525,-2.385514,51.374384,46.8,111.6,33.2,1.257,,1
518,55:54.9,526,-2.385393,51.374364,46.1,108.4,31.2,1.265,,1
519,55:55.9,527,-2.385271,51.374343,45.5,108.4,31.6,1.274,,1
520,55:56.9,528,-2.385153,51.374326,45,108.4,30.5,1.283,,1
521,55:57.9,529,-2.385032,51.37431,44.7,108.4,30.8,1.291,,1
522,55:58.9,530,-2.384916,51.374288,44.4,108.4,30.4,1.3,,1
523,55:59.9,531,-2.384799,51.374271,44.3,108.4,29.9,1.308,,1
524,56:00.9,532,-2.384677,51.374251,44.3,109.4,31.6,1.317,,1
525,56:01.9,533,-2.384568,51.374233,44.5,109.4,28,1.324,,1
526,56:02.9,534,-2.384459,51.374212,44.9,108.4,28.4,1.332,,1
527,56:03.9,535,-2.384347,51.374195,45.4,105.3,28.9,1.34,,1
528,56:04.9,536,-2.384234,51.374175,46,102.2,29.4,1.349,,1
529,56:05.9,537,-2.384117,51.374163,46.9,99,29.6,1.357,,1
530,56:06.9,538,-2.383995,51.374152,47.9,97,30.7,1.365,,1
531,56:07.9,539,-2.383868,51.374147,48.8,95.9,31.9,1.374,,1
532,56:08.9,540,-2.38373,51.374144,49.7,94.9,34.5,1.384,,1
533,56:09.9,541,-2.383601,51.374136,50.6,94.9,32.4,1.393,,1
534,56:10.9,542,-2.383473,51.374136,51.5,94.9,31.9,1.402,,1
535,56:11.9,543,-2.383352,51.37414,52.3,94.9,30.4,1.41,,1
536,56:12.9,544,-2.383234,51.374141,52.8,91.8,29.5,1.418,,1
537,56:13.9,545,-2.383143,51.374139,53.4,92.8,22.7,1.425,,1
538,56:14.9,546,-2.383087,51.374143,53.4,92.8,14.2,1.428,,1
539,56:15.9,547,-2.383057,51.374141,53.6,92.8,7.6,1.431,,1
540,56:16.9,548,-2.383047,51.374144,53.7,92.8,2.7,1.431,,1
541,56:17.9,549,-2.383036,51.374142,53.6,93.8,2.9,1.432,,1
542,56:18.9,550,-2.383034,51.374138,53.4,93.8,1.6,1.433,,1
543,56:19.9,551,-2.383026,51.374135,53.4,93.8,2.4,1.433,,1
544,56:20.9,552,-2.383011,51.374138,53.4,93.8,3.7,1.434,,1
545,56:21.9,553,-2.382998,51.374139,53.4,93.8,3.2,1.435,,1
546,56:22.9,554,-2.383002,51.374139,53.3,93.8,0.9,1.435,,1
547,56:23.9,555,-2.383005,51.374138,53.2,93.8,0.9,1.436,,1
548,56:24.9,556,-2.383008,51.374135,53.1,93.8,1.3,1.436,,1
549,56:25.9,557,-2.383008,51.374135,53.1,93.8,0,1.436,,1
550,56:26.9,558,-2.382975,51.374138,53.1,94.8,8.2,1.438,,1
551,56:27.9,559,-2.382947,51.374137,53.1,95.9,7,1.44,,1
552,56:28.9,560,-2.382933,51.374143,53,96.9,4.3,1.441,,1
553,56:29.9,561,-2.382928,51.37414,53.1,97.9,1.6,1.442,,1
554,56:30.9,562,-2.382925,51.374141,53.1,101,0.6,1.442,,1
555,56:31.9,563,-2.382914,51.374141,53.1,112.6,2.9,1.443,,1
556,56:32.9,564,-2.382892,51.374134,53.3,141.5,6,1.445,,1
557,56:33.9,565,-2.382852,51.374115,53.4,174.1,12.5,1.448,,1
558,56:34.9,566,-2.382839,51.374013,53.5,192.7,40.9,1.459,,1
559,56:35.9,567,-2.382878,51.373969,53.5,202.4,20.4,1.465,,1
560,56:36.9,568,-2.382899,51.373924,54,205.8,18.6,1.47,,1
561,56:37.9,569,-2.382943,51.373856,54.2,205.8,29.3,1.478,,1
562,56:38.9,570,-2.382984,51.373795,54.6,205.8,26.7,1.486,,1
563,56:39.9,571,-2.383026,51.373716,55.2,205.8,33,1.495,,1
564,56:40.9,572,-2.383078,51.373645,55.9,203.8,31.4,1.504,,1
565,56:41.9,573,-2.383113,51.373586,56.2,203.9,25.1,1.511,,1
566,56:42.9,574,-2.383139,51.373579,56.6,210.2,7.1,1.513,,1
567,56:43.9,575,-2.38315,51.373576,56.8,211.2,3.2,1.513,,1
568,56:44.9,576,-2.383132,51.37358,57,212.3,4.8,1.515,,1
569,56:45.9,577,-2.383137,51.373574,57.1,216.6,2.5,1.516,,1
570,56:46.9,578,-2.383159,51.373564,57.3,220.8,7,1.517,,1
571,56:47.9,579,-2.383203,51.373536,57.7,220.8,15.5,1.522,,1
572,56:48.9,580,-2.383291,51.373481,58.1,220.8,31.2,1.53,,1
573,56:49.9,581,-2.383376,51.373422,58.5,219.8,31.6,1.539,,1
574,56:50.9,582,-2.383449,51.373365,58.8,219.8,29.3,1.547,,1
575,56:51.9,583,-2.383541,51.373293,59.2,219.8,36.9,1.558,,1
576,56:52.9,584,-2.383641,51.373226,59.7,218.8,36.5,1.568,,1
577,56:53.9,585,-2.383737,51.37316,59.8,218.8,35.9,1.578,,1
578,56:54.9,586,-2.38381,51.373081,60.2,217.8,36.4,1.588,,1
579,56:55.9,587,-2.383901,51.373006,60.5,215.6,37.8,1.598,,1
580,56:56.9,588,-2.383985,51.372932,61,214.6,36.3,1.608,,1
581,56:57.9,589,-2.384058,51.372862,61.2,217.7,33.3,1.618,,1
582,56:58.9,590,-2.384139,51.372796,61.5,218.7,33.5,1.627,,1
583,56:59.9,591,-2.38422,51.372731,61.8,216.6,32.6,1.636,,1
584,57:00.9,592,-2.384292,51.372667,62.1,210.2,31.3,1.645,,1
585,57:01.9,593,-2.38436,51.372591,62.3,208.1,34.9,1.654,,1
586,57:02.9,594,-2.384412,51.372523,62.6,207.1,30.1,1.663,,1
587,57:03.9,595,-2.384457,51.372461,62.9,207.1,27.2,1.67,,1
588,57:04.9,596,-2.384488,51.372417,63.2,207.1,19.5,1.676,,1
589,57:05.9,597,-2.384507,51.37239,63.5,207.1,11.8,1.679,,1
590,57:06.9,598,-2.384517,51.372379,63.6,208.1,4.9,1.68,,1
591,57:07.9,599,-2.384515,51.372379,63.7,208.1,0.5,1.681,,1
592,57:08.9,600,-2.384513,51.372377,64,208.1,0.8,1.681,,1
593,57:09.9,601,-2.384512,51.372374,64,208.1,1.4,1.681,,1
594,57:10.9,602,-2.384512,51.372371,64.3,208.1,1.2,1.681,,1
595,57:11.9,603,-2.38452,51.372374,64.3,208.1,2.4,1.682,,1
596,57:12.9,604,-2.384515,51.372371,64.4,208.1,1.7,1.683,,1
597,57:13.9,605,-2.38451,51.372372,64.4,208.1,1.3,1.683,,1
598,57:14.9,606,-2.384509,51.372372,64.4,208.1,0,1.683,,1
599,57:15.9,607,-2.384509,51.372372,64.4,208.1,0,1.683,,1
600,57:16.9,608,-2.384509,51.372372,64.4,208.1,0,1.683,,1
601,57:17.9,609,-2.384509,51.372372,64.4,208.1,0,1.683,,1
602,57:18.9,610,-2.384509,51.372372,64.4,208.1,0,1.683,,1
603,57:19.9,611,-2.384509,51.372372,64.4,208.1,0,1.683,,1
604,57:20.9,612,-2.384509,51.372372,64.4,208.1,0,1.683,,1
605,57:21.9,613,-2.384509,51.372372,64.4,208.1,0,1.683,,1
606,57:22.9,614,-2.384509,51.372372,64.4,208.1,0,1.683,,1
607,57:23.9,615,-2.384509,51.372372,64.4,208.1,0,1.683,,1
608,57:24.9,616,-2.384509,51.372372,64.4,208.1,0,1.683,,1
609,57:25.9,617,-2.384509,51.372372,64.4,208.1,0,1.683,,1
610,57:26.9,618,-2.384509,51.372372,64.4,208.1,0,1.683,,1
611,57:27.9,619,-2.384509,51.372372,64.4,208.1,0,1.683,,1
612,57:28.9,620,-2.384509,51.372372,64.4,208.1,0,1.683,,1
613,57:29.9,621,-2.384509,51.372372,64.4,208.1,0,1.683,,1
614,57:30.9,622,-2.384509,51.372372,64.4,208.1,0,1.683,,1
615,57:31.9,623,-2.384509,51.372372,64.4,208.1,0,1.683,,1
616,57:32.9,624,-2.384509,51.372372,64.4,208.1,0,1.683,,1
617,57:33.9,625,-2.384523,51.372365,64.7,209.1,4.4,1.684,,1
618,57:34.9,626,-2.384538,51.372349,64.8,213.4,7.4,1.686,,1
619,57:35.9,627,-2.384575,51.372315,65.1,215.4,16.7,1.691,,1
620,57:36.9,628,-2.384642,51.372256,65.5,212.3,28.8,1.699,,1
621,57:37.9,629,-2.384701,51.372195,65.8,209.2,28.7,1.707,,1
622,57:38.9,630,-2.384755,51.372135,66.3,208.1,27.5,1.714,,1
623,57:39.9,631,-2.384804,51.372059,66.8,208.1,32.6,1.724,,1
624,57:40.9,632,-2.384865,51.371979,67.5,206.1,35.6,1.733,,1
625,57:41.9,633,-2.384917,51.371898,68.1,203.9,35.1,1.743,,1
626,57:42.9,634,-2.384962,51.371822,68.7,206,32.3,1.752,,1
627,57:43.9,635,-2.385014,51.37175,69.3,207,31.5,1.761,,1
628,57:44.9,636,-2.385073,51.37168,69.9,208,31.8,1.77,,1
629,57:45.9,637,-2.385128,51.371601,70.5,208,34.3,1.779,,1
630,57:46.9,638,-2.385189,51.37153,71.1,208,32.5,1.788,,1
631,57:47.9,639,-2.385249,51.371459,71.8,209,31.9,1.797,,1
632,57:48.9,640,-2.385311,51.371392,72.4,209,31,1.806,,1
633,57:49.9,641,-2.38538,51.371324,73.1,209,32.2,1.815,,1
634,57:50.9,642,-2.385455,51.371254,73.7,209,33.7,1.824,,1
635,57:51.9,643,-2.385521,51.371184,74.2,207.9,32.7,1.833,,1
636,57:52.9,644,-2.385589,51.371113,74.8,207.9,33.1,1.842,,1
637,57:53.9,645,-2.38565,51.371041,75.2,206.8,32.3,1.851,,1
638,57:54.9,646,-2.385705,51.370964,75.8,203.7,34,1.861,,1
639,57:55.9,647,-2.385758,51.370885,76,203.7,34.2,1.87,,1
640,57:56.9,648,-2.385809,51.370805,76.6,205.8,34.6,1.88,,1
641,57:57.9,649,-2.385862,51.370727,77,205.8,33.7,1.889,,1
642,57:58.9,650,-2.385917,51.370656,77.7,205.8,31.5,1.898,,1
643,57:59.9,651,-2.385983,51.370587,78.3,204.7,32.3,1.907,,1
644,58:00.9,652,-2.386045,51.370515,78.8,203.7,32.7,1.916,,1
645,58:01.9,653,-2.386076,51.370439,79.2,203.7,31.1,1.925,,1
646,58:02.9,654,-2.38612,51.370367,79.6,202.7,31,1.933,,1
647,58:03.9,655,-2.386161,51.370293,80,202.7,31.3,1.942,,1
648,58:04.9,656,-2.386204,51.370219,80.6,202.7,31.7,1.951,,1
649,58:05.9,657,-2.386249,51.370141,81.1,202.7,33,1.96,,1
650,58:06.9,658,-2.386295,51.370064,81.7,203.8,33.1,1.969,,1
651,58:07.9,659,-2.386347,51.369985,82.2,204.8,34.2,1.979,,1
652,58:08.9,660,-2.386395,51.36991,82.7,204.8,32.2,1.988,,1
653,58:09.9,661,-2.386445,51.369832,83.3,203.7,33.5,1.997,,1
654,58:10.9,662,-2.386493,51.369754,83.9,202.7,33.7,2.006,,1
655,58:11.9,663,-2.386539,51.369678,84.5,200.6,32.4,2.015,,1
656,58:12.9,664,-2.386584,51.369597,85.1,199.5,34.2,2.025,,1
657,58:13.9,665,-2.386623,51.369525,85.7,196.4,30.7,2.033,,1
658,58:14.9,666,-2.386646,51.36944,86.4,196.4,34.3,2.043,,1
659,58:15.9,667,-2.386679,51.369362,87.2,199.5,32.5,2.052,,1
660,58:16.9,668,-2.386724,51.369281,87.9,200.6,34.3,2.061,,1
661,58:17.9,669,-2.386771,51.3692,88.5,200.6,34.4,2.071,,1
662,58:18.9,670,-2.386816,51.369124,89.1,200.6,32.4,2.08,,1
663,58:19.9,671,-2.386862,51.369044,89.5,201.6,34.1,2.089,,1
664,58:20.9,672,-2.386912,51.368968,90.1,201.6,33.1,2.099,,1
665,58:21.9,673,-2.386964,51.368892,90.6,201.6,33,2.108,,1
666,58:22.9,674,-2.387012,51.368815,91.2,200.6,33,2.117,,1
667,58:23.9,675,-2.387061,51.368736,91.6,200.6,33.7,2.126,,1
668,58:24.9,676,-2.387112,51.368656,92,199.6,34.5,2.136,,1
669,58:25.9,677,-2.38716,51.368579,92.6,197.4,33.2,2.145,,1
670,58:26.9,678,-2.387206,51.368502,93.1,194.2,32.8,2.154,,1
671,58:27.9,679,-2.387227,51.368421,93.5,195.2,32.7,2.163,,1
672,58:28.9,680,-2.387283,51.368361,94.3,199.4,28,2.171,,1
673,58:29.9,681,-2.387329,51.368284,94.6,199.4,32.9,2.18,,1
674,58:30.9,682,-2.387371,51.368221,95.1,199.4,27.3,2.188,,1
675,58:31.9,683,-2.387407,51.368162,95.4,194.1,25.3,2.195,,1
676,58:32.9,684,-2.387427,51.368107,95.9,184.2,22.4,2.201,,1
677,58:33.9,685,-2.387423,51.368065,96.2,177.9,17,2.206,,1
678,58:34.9,686,-2.38741,51.36805,96,175.8,6.8,2.208,,1
679,58:35.9,687,-2.387409,51.368051,96.1,175.8,0,2.208,,1
680,58:36.9,688,-2.387412,51.368057,96.1,175.8,2.6,2.208,,1
681,58:37.9,689,-2.38741,51.368061,96.1,175.8,1.7,2.209,,1
682,58:38.9,690,-2.387405,51.368063,96,174.8,1.4,2.209,,1
683,58:39.9,691,-2.387401,51.368052,96,168.4,4.4,2.21,,1
684,58:40.9,692,-2.387393,51.368037,96.1,164.2,6.4,2.212,,1
685,58:41.9,693,-2.387376,51.368007,96.3,162.2,12.9,2.216,,1
686,58:42.9,694,-2.38736,51.367975,96.2,161.2,13.3,2.22,,1
687,58:43.9,695,-2.387347,51.367951,96.3,163.2,10.2,2.222,,1
688,58:44.9,696,-2.387337,51.367924,96.7,165.3,11.1,2.225,,1
689,58:45.9,697,-2.387319,51.367887,96.9,172.9,15.3,2.23,,1
690,58:46.9,698,-2.38731,51.367842,97.2,174,18.1,2.235,,1
691,58:47.9,699,-2.387304,51.367779,97.6,168.7,25.5,2.242,,1
692,58:48.9,700,-2.387286,51.367715,98,168.7,26.1,2.249,,1
693,58:49.9,701,-2.387265,51.36765,98.6,171.9,26.3,2.256,,1
694,58:50.9,702,-2.387255,51.367578,98.8,176.2,29,2.264,,1
695,58:51.9,703,-2.387255,51.367511,99.3,177.2,26.9,2.272,,1
696,58:52.9,704,-2.387258,51.367444,99.8,177.2,26.7,2.279,,1
697,58:53.9,705,-2.387263,51.367376,100.2,179.3,27.3,2.287,,1
698,58:54.9,706,-2.38727,51.367308,100.9,181.5,27.3,2.294,,1
699,58:55.9,707,-2.38728,51.367242,101.3,183.7,26.7,2.302,,1
700,58:56.9,708,-2.387299,51.367182,101.8,185.8,24.2,2.309,,1
701,58:57.9,709,-2.387311,51.367123,102.2,187.8,24.1,2.315,,1
702,58:58.9,710,-2.387327,51.367066,102.3,189.9,22.9,2.322,,1
703,58:59.9,711,-2.387345,51.367031,102.3,186.6,15,2.326,,1
704,59:00.9,712,-2.387351,51.367008,102.4,171.8,9.2,2.328,,1
705,59:01.9,713,-2.38734,51.36699,102.5,166.3,7.6,2.33,,1
706,59:02.9,714,-2.387337,51.36698,102.6,169.4,4.1,2.332,,1
707,59:03.9,715,-2.387337,51.366976,102.6,175.8,1.6,2.332,,1
708,59:04.9,716,-2.387341,51.366971,102.6,178.9,2.3,2.333,,1
709,59:05.9,717,-2.387345,51.366972,102.7,178.9,1,2.333,,1
710,59:06.9,718,-2.387345,51.366973,102.6,178.9,0.3,2.333,,1
711,59:07.9,719,-2.387345,51.366969,102.8,180,1.5,2.333,,1
712,59:08.9,720,-2.387344,51.366964,102.9,184.4,2.1,2.334,,1
713,59:09.9,721,-2.387349,51.366955,102.9,201.3,3.7,2.335,,1
714,59:10.9,722,-2.387368,51.366941,102.9,210.1,7.5,2.337,,1
715,59:11.9,723,-2.38738,51.366928,102.9,205.8,5.7,2.339,,1
716,59:12.9,724,-2.387397,51.366907,103,191.3,9.6,2.341,,1
717,59:13.9,725,-2.387383,51.366869,103.2,188.1,15.4,2.346,,1
718,59:14.9,726,-2.387398,51.366824,103.6,183.9,18.6,2.351,,1
719,59:15.9,727,-2.387429,51.36678,103.8,175.1,19.4,2.356,,1
720,59:16.9,728,-2.38742,51.366745,104.3,162.5,14.2,2.36,,1
721,59:17.9,729,-2.387378,51.366703,104.9,139,19.6,2.366,,1
722,59:18.9,730,-2.387313,51.366677,105.3,116.5,19.6,2.371,,1
723,59:19.9,731,-2.387245,51.366663,105.9,117.5,17.8,2.376,,1
724,59:20.9,732,-2.387198,51.366644,106.5,148.1,13.9,2.38,,1
725,59:21.9,733,-2.387172,51.366629,106.6,181,8.8,2.382,,1
726,59:22.9,734,-2.387228,51.366538,106.5,195.4,39.3,2.393,,1
727,59:23.9,735,-2.387263,51.366469,106.3,196.4,28.7,2.401,,1
728,59:24.9,736,-2.387307,51.366401,106.3,194.3,29.5,2.409,,1
729,59:25.9,737,-2.387336,51.366326,106.2,190.1,30.8,2.418,,1
730,59:26.9,738,-2.387359,51.366252,106.3,188,30.2,2.426,,1
731,59:27.9,739,-2.387371,51.366177,106.2,186,30.1,2.435,,1
732,59:28.9,740,-2.387372,51.366107,106.2,183.9,28.1,2.443,,1
733,59:29.9,741,-2.387375,51.366029,106.3,177.4,31.2,2.451,,1
734,59:30.9,742,-2.387357,51.365958,106.5,165,28.6,2.459,,1
735,59:31.9,743,-2.38731,51.365895,106.5,155,28,2.467,,1
736,59:32.9,744,-2.387262,51.365838,106.9,149.6,25.9,2.474,,1
737,59:33.9,745,-2.38721,51.365784,106.9,147.5,25.2,2.481,,1
738,59:34.9,746,-2.38716,51.365741,107.2,141.1,21.1,2.487,,1
739,59:35.9,747,-2.387117,51.365719,107.4,125.1,13.9,2.491,,1
740,59:36.9,748,-2.387068,51.365708,107.7,100.3,13.1,2.494,,1
741,59:37.9,749,-2.387052,51.365686,108.4,74.1,9.5,2.497,,1
742,59:38.9,750,-2.386939,51.365736,109.3,56.2,34.5,2.507,,1
743,59:39.9,751,-2.386877,51.365776,110.3,55.2,22.2,2.513,,1
744,59:40.9,752,-2.386813,51.365816,111.4,55.2,22.6,2.519,,1
745,59:41.9,753,-2.386744,51.365844,112.3,56.4,20.5,2.525,,1
746,59:42.9,754,-2.386673,51.36587,112.7,60.6,20.5,2.531,,1
747,59:43.9,755,-2.386612,51.365897,113.1,68.4,18.9,2.536,,1
748,59:44.9,756,-2.386555,51.365908,113.3,80.1,14.8,2.54,,1
749,59:45.9,757,-2.386486,51.365908,113.6,94.4,17.3,2.545,,1
750,59:46.9,758,-2.386407,51.365893,113.9,100.9,20.6,2.55,,1
751,59:47.9,759,-2.386323,51.36588,114.3,108.5,21.6,2.556,,1
752,59:48.9,760,-2.386228,51.365868,114.9,121,24.1,2.563,,1
753,59:49.9,761,-2.386154,51.36581,115.4,132,29.9,2.571,,1
754,59:50.9,762,-2.386081,51.365763,116,139.6,26.2,2.579,,1
755,59:51.9,763,-2.386021,51.365716,116.8,141.8,24.1,2.585,,1
756,59:52.9,764,-2.385954,51.365659,117.5,143.9,28,2.593,,1
757,59:53.9,765,-2.385886,51.365597,118.6,142.8,30.2,2.602,,1
758,59:54.9,766,-2.385821,51.36554,119.9,142.8,28,2.609,,1
759,59:55.9,767,-2.385764,51.365486,120.9,142.8,25.8,2.617,,1
760,59:56.9,768,-2.385706,51.365434,122.2,145.9,25.7,2.624,,1
761,59:57.9,769,-2.385626,51.365391,123.4,145.9,26.3,2.631,,1
762,59:58.9,770,-2.385576,51.365349,124.5,146.9,20.9,2.637,,1
763,59:59.9,771,-2.385523,51.365303,125.6,151.2,22.8,2.643,,1
764,00:00.9,772,-2.385486,51.365247,126.4,161.3,24,2.65,,1
765,00:01.9,773,-2.385471,51.365192,127,171.2,22.5,2.656,,1
766,00:02.9,774,-2.385465,51.36514,127,176.5,20.8,2.662,,1
767,00:03.9,775,-2.385467,51.365083,127.1,179.6,22.7,2.668,,1
768,00:04.9,776,-2.385473,51.365024,127.2,181.7,23.7,2.675,,1
769,00:05.9,777,-2.385479,51.364966,127.4,182.8,23.3,2.681,,1
770,00:06.9,778,-2.385487,51.364904,127.6,182.8,24.9,2.688,,1
771,00:07.9,779,-2.385495,51.364839,127.8,183.8,26.1,2.695,,1
772,00:08.9,780,-2.385503,51.364769,127.9,183.8,28.1,2.703,,1
773,00:09.9,781,-2.385513,51.364701,128.1,183.8,27.5,2.711,,1
774,00:10.9,782,-2.385526,51.364633,128.2,183.8,27.4,2.718,,1
775,00:11.9,783,-2.385532,51.364564,128.4,183.8,27.5,2.726,,1
776,00:12.9,784,-2.38554,51.364499,128.6,184.8,26.1,2.733,,1
777,00:13.9,785,-2.38555,51.364435,128.7,185.8,25.8,2.74,,1
778,00:14.9,786,-2.385563,51.364373,128.9,185.8,24.9,2.747,,1
779,00:15.9,787,-2.385573,51.364323,129.1,185.8,20.5,2.753,,1
780,00:16.9,788,-2.38558,51.364281,129.3,182.7,16.6,2.758,,1
781,00:17.9,789,-2.385587,51.364255,129.4,176.3,10.8,2.761,,1
782,00:18.9,790,-2.385581,51.364232,129.6,176.3,9.4,2.763,,1
783,00:19.9,791,-2.385578,51.3642,130.1,182.7,12.8,2.767,,1
784,00:20.9,792,-2.385586,51.364152,130.6,192.5,19.3,2.772,,1
785,00:21.9,793,-2.385618,51.364111,131,202.5,18,2.777,,1
786,00:22.9,794,-2.385667,51.36407,131.5,206.8,20.5,2.783,,1
787,00:23.9,795,-2.385726,51.36401,132,206.8,28.4,2.791,,1
788,00:24.9,796,-2.385776,51.363952,132.5,211,26.3,2.798,,1
789,00:25.9,797,-2.38583,51.363906,132.9,218.3,22.9,2.804,,1
790,00:26.9,798,-2.385893,51.363867,133.3,223.7,22.1,2.811,,1
791,00:27.9,799,-2.385945,51.363822,133.5,231.2,22.4,2.817,,1
792,00:28.9,800,-2.386025,51.363793,134.2,236.5,23.1,2.823,,1
793,00:29.9,801,-2.386098,51.36376,134.5,241.7,22.3,2.829,,1
794,00:30.9,802,-2.386188,51.363741,134.8,248.1,23.8,2.836,,1
795,00:31.9,803,-2.386267,51.363726,134.9,252.3,20.6,2.842,,1
796,00:32.9,804,-2.386347,51.363716,135,258.6,20.6,2.847,,1
797,00:33.9,805,-2.386426,51.363716,135.1,267.3,19.8,2.853,,1
798,00:34.9,806,-2.386506,51.363722,135.1,275,20,2.858,,1
799,00:35.9,807,-2.386582,51.363737,134.9,280.4,19.9,2.864,,1
800,00:36.9,808,-2.386655,51.363753,134.8,286.9,19.4,2.869,,1
801,00:37.9,809,-2.386723,51.363778,134.4,292.3,19.8,2.875,,1
802,00:38.9,810,-2.386807,51.363788,134.1,293.4,21.3,2.881,,1
803,00:39.9,811,-2.386877,51.363816,133.6,293.4,20.7,2.887,,1
804,00:40.9,812,-2.38694,51.363839,133.3,290.2,18.3,2.892,,1
805,00:41.9,813,-2.387002,51.363859,133,293.4,17.4,2.896,,1
806,00:42.9,814,-2.387066,51.363879,132.6,296.6,17.9,2.901,,1
807,00:43.9,815,-2.38713,51.363906,132.5,296.6,19.4,2.907,,1
808,00:44.9,816,-2.387195,51.363931,132.3,296.6,19,2.912,,1
809,00:45.9,817,-2.387263,51.363956,132,296.6,19.8,2.918,,1
810,00:46.9,818,-2.387335,51.363982,131.6,297.6,20.8,2.923,,1
811,00:47.9,819,-2.387399,51.364006,131.3,297.6,18.7,2.929,,1
812,00:48.9,820,-2.387464,51.364031,130.8,297.6,19,2.934,,1
813,00:49.9,821,-2.387525,51.364055,130.5,297.6,18.1,2.939,,1
814,00:50.9,822,-2.38757,51.364072,130,299.6,13,2.942,,1
815,00:51.9,823,-2.387593,51.364081,129.8,306,6.8,2.944,,1
816,00:52.9,824,-2.387618,51.364092,129.5,313.8,7.7,2.947,,1
817,00:53.9,825,-2.387657,51.36409,129.2,314.8,9.8,2.949,,1
818,00:54.9,826,-2.387663,51.364093,129.2,314.8,1.7,2.95,,1
819,00:55.9,827,-2.387672,51.364096,129.1,315.8,2.6,2.95,,1
820,00:56.9,828,-2.387677,51.364097,129.1,314.8,1.4,2.951,,1
821,00:57.9,829,-2.387683,51.3641,129,311.7,1.8,2.951,,1
822,00:58.9,830,-2.387691,51.364102,128.9,309.5,2.2,2.952,,1
823,00:59.9,831,-2.387696,51.364104,128.7,308.5,1.4,2.952,,1
824,01:00.9,832,-2.387708,51.364109,128.7,304.2,3.6,2.953,,1
825,01:01.9,833,-2.387721,51.364113,128.6,299.9,3.5,2.954,,1
826,01:02.9,834,-2.38773,51.364116,128.5,298.9,2.8,2.955,,1
827,01:03.9,835,-2.387731,51.364117,128.7,298.9,0.3,2.955,,1
828,01:04.9,836,-2.387733,51.364117,128.7,298.9,0.6,2.955,,1
829,01:05.9,837,-2.387728,51.364116,128.8,298.9,1.4,2.956,,1
830,01:06.9,838,-2.387723,51.364114,128.8,297.9,1.6,2.956,,1
831,01:07.9,839,-2.387714,51.36411,128.8,296.9,2.7,2.957,,1
832,01:08.9,840,-2.38771,51.364109,128.9,296.9,1.1,2.957,,1
833,01:09.9,841,-2.387701,51.364106,128.9,296.9,2.5,2.958,,1
834,01:10.9,842,-2.387693,51.364103,129,296.9,2.3,2.959,,1
835,01:11.9,843,-2.387688,51.364101,129,296.9,1.5,2.959,,1
836,01:12.9,844,-2.387682,51.364099,129,296.9,1.5,2.959,,1
837,01:13.9,845,-2.387677,51.364097,129.1,296.9,1.6,2.96,,1
838,01:14.9,846,-2.38767,51.364095,129.1,295.8,1.9,2.96,,1
839,01:15.9,847,-2.387666,51.364093,129.1,295.8,1.3,2.961,,1
840,01:16.9,848,-2.387662,51.364092,129.2,296.8,0.9,2.961,,1
841,01:17.9,849,-2.387662,51.364092,129.2,296.8,0.3,2.961,,1
842,01:18.9,850,-2.387635,51.364112,129.2,296.8,10.6,2.964,,1
843,01:19.9,851,-2.387632,51.36411,129.3,296.8,1.2,2.964,,1
844,01:20.9,852,-2.38763,51.364109,129.3,296.8,0.8,2.965,,1
845,01:21.9,853,-2.387625,51.364109,129.4,296.8,1.2,2.965,,1
846,01:22.9,854,-2.38762,51.364108,129.4,296.8,1.4,2.965,,1
847,01:23.9,855,-2.38762,51.364108,129.5,296.8,0.3,2.965,,1
848,01:24.9,856,-2.387618,51.364107,129.4,296.8,0.6,2.966,,1
849,01:25.9,857,-2.3876,51.36411,129.5,296.8,4.7,2.967,,1
850,01:26.9,858,-2.387604,51.364108,129.5,296.8,1.3,2.967,,1
851,01:27.9,859,-2.387607,51.364108,129.5,296.8,0.8,2.967,,1
852,01:28.9,860,-2.387609,51.364103,129.5,296.8,1.8,2.968,,1
853,01:29.9,861,-2.387609,51.364103,129.5,296.8,0,2.968,,1
854,01:30.9,862,-2.387609,51.364103,129.5,296.8,0,2.968,,1
855,01:31.9,863,-2.387609,51.364103,129.5,296.8,0,2.968,,1
856,01:32.9,864,-2.387609,51.364103,129.5,296.8,0,2.968,,1
857,01:33.9,865,-2.387609,51.364103,129.5,296.8,0,2.968,,1
858,01:34.9,866,-2.387609,51.364103,129.5,296.8,0,2.968,,1
859,01:35.9,867,-2.387609,51.364103,129.5,296.8,0,2.968,,1
860,01:36.9,868,-2.387609,51.364103,129.5,296.8,0,2.968,,1
861,01:37.9,869,-2.387609,51.364103,129.5,296.8,0,2.968,,1
862,01:38.9,870,-2.387609,51.364103,129.5,292.7,0,2.968,,1
863,01:39.9,871,-2.387605,51.364091,129.6,293.4,4.9,2.969,,1
864,01:40.9,872,-2.387605,51.364093,129.7,269.1,0.6,2.969,,1
865,01:41.9,873,-2.387598,51.364094,129.8,263.9,1.7,2.97,,1
866,01:42.9,874,-2.387594,51.364096,129.8,320.8,1.2,2.97,,1
867,01:43.9,875,-2.387592,51.364097,129.5,323.9,0.8,2.97,,1
868,01:44.9,876,-2.387587,51.364096,129.3,356.7,1.1,2.971,,1
869,01:45.9,877,-2.387576,51.364097,129.1,19.1,2.9,2.972,,1
